id	y	age	sex
S001	1.1948	62	1
S002	2.2396	62	1
S003	7.6596	64	0
S004	4.1027	49	1
S005	6.3386	51	0
S006	4.5559	44	0
S007	1.924	59	1
S008	0.1569	65	1
S009	5.2117	61	0
S010	2.8293	51	0
S011	1.8726	56	1
S012	4.9467	32	1
S013	2.3926	44	1
S014	0.0404	53	0
S015	-0.0701	43	1
S016	4.8915	58	1
S017	7.2234	51	1
S018	3.4768	50	1
S019	4.7891	55	0
S020	0.3558	36	0
S021	0.8591	63	0
S022	2.5587	50	0
S023	0.825	39	0
S024	1.046	43	0
S025	2.8892	54	0
S026	1.4505	62	1
S027	2.1149	41	1
S028	3.4455	55	1
S029	1.3359	47	1
S030	8.2988	51	1
S031	-0.8106	43	1
S032	4.6049	46	0
S033	1.3982	52	0
S034	4.2566	45	1
S035	1.9526	45	1
S036	2.7071	43	0
S037	2.347	61	0
S038	2.4028	37	0
S039	3.2617	32	1
S040	1.2684	49	0
S041	3.3628	39	0
S042	3.9927	48	0
S043	1.0703	54	0
S044	4.2228	65	0
S045	1.6954	37	1
S046	3.9357	52	0
S047	0.056	34	1
S048	2.6269	40	1
S049	0.0694	63	0
S050	2.9181	53	0
S051	1.5022	52	0
S052	3.3764	58	1
S053	3.4456	54	0
S054	4.2537	54	0
S055	6.6589	46	0
S056	7.4768	59	0
S057	1.6982	45	0
S058	6.5739	56	0
S059	2.8648	65	0
S060	1.7543	57	0
