#Subpopulation order/codes: AFR=0	EUR=1
#chm	spos	epos	sgpos	egpos	n snps	S001.0	S001.1	S002.0	S002.1	S003.0	S003.1	S004.0	S004.1	S005.0	S005.1	S006.0	S006.1	S007.0	S007.1	S008.0	S008.1	S009.0	S009.1	S010.0	S010.1	S011.0	S011.1	S012.0	S012.1	S013.0	S013.1	S014.0	S014.1	S015.0	S015.1	S016.0	S016.1	S017.0	S017.1	S018.0	S018.1	S019.0	S019.1	S020.0	S020.1	S021.0	S021.1	S022.0	S022.1	S023.0	S023.1	S024.0	S024.1	S025.0	S025.1	S026.0	S026.1	S027.0	S027.1	S028.0	S028.1	S029.0	S029.1	S030.0	S030.1	S031.0	S031.1	S032.0	S032.1	S033.0	S033.1	S034.0	S034.1	S035.0	S035.1	S036.0	S036.1	S037.0	S037.1	S038.0	S038.1	S039.0	S039.1	S040.0	S040.1	S041.0	S041.1	S042.0	S042.1	S043.0	S043.1	S044.0	S044.1	S045.0	S045.1	S046.0	S046.1	S047.0	S047.1	S048.0	S048.1	S049.0	S049.1	S050.0	S050.1	S051.0	S051.1	S052.0	S052.1	S053.0	S053.1	S054.0	S054.1	S055.0	S055.1	S056.0	S056.1	S057.0	S057.1	S058.0	S058.1	S059.0	S059.1	S060.0	S060.1
chr19	1e+06	4999999	1.00	5.00	25	0	0	0	0	0	0	0	0	0	1	0	1	0	0	1	0	0	0	0	0	0	0	0	0	0	0	1	0	0	0	0	0	0	1	0	1	0	0	0	1	0	0	0	0	0	0	0	0	0	0	0	0	0	0	0	0	0	1	0	0	1	0	0	0	0	0	0	0	0	1	0	0	0	0	0	0	0	0	0	0	0	0	1	1	0	0	0	0	0	0	0	0	1	0	0	0	0	0	0	0	1	0	0	0	1	0	1	0	0	1	0	0	0	1	0	0	1	0	0	0
chr19	5e+06	8999999	5.00	9.00	25	0	0	1	0	0	0	0	1	0	0	0	0	0	1	0	0	0	0	0	0	1	1	0	0	0	0	1	0	0	0	0	0	0	0	0	1	0	0	1	0	0	0	1	1	0	1	1	0	0	0	1	0	0	0	1	0	0	0	0	0	1	0	0	0	0	0	0	0	0	0	0	0	0	1	0	0	0	0	0	0	0	1	1	0	0	0	0	0	0	1	0	0	0	0	0	0	0	0	0	0	0	1	1	0	0	0	0	0	0	0	0	0	0	0	0	1	0	0	0	1
chr19	1e+07	13999999	10.00	14.00	25	0	0	0	0	0	0	0	0	0	0	0	0	0	1	0	0	0	0	0	1	0	0	0	0	0	0	0	0	1	1	0	0	0	0	0	0	0	0	0	0	0	0	0	0	0	0	0	0	1	1	0	0	0	1	0	1	0	0	0	1	0	0	0	0	1	0	0	1	0	0	0	0	0	0	0	0	0	0	0	0	0	1	0	0	1	0	0	0	0	0	0	1	0	1	0	0	0	0	0	0	1	0	0	0	0	1	0	0	0	0	0	0	1	0	1	0	1	1	0	1
chr19	1.5e+07	18999999	15.00	19.00	25	0	0	0	0	1	0	0	0	0	0	0	0	1	0	0	1	0	0	0	0	0	0	0	1	0	0	1	0	0	0	0	0	0	0	0	1	0	0	0	1	1	0	0	0	0	0	1	0	0	1	0	0	0	0	1	0	1	0	0	0	0	0	0	0	0	0	0	0	1	1	0	0	0	0	0	0	0	0	0	0	0	1	0	0	0	0	0	0	0	1	1	0	0	0	0	0	0	0	0	0	0	0	0	0	0	0	0	0	1	0	0	1	1	0	0	0	0	0	1	0
chr19	3e+07	33999999	30.00	34.00	25	1	1	0	0	1	0	1	0	0	0	0	1	1	0	0	0	0	1	0	0	0	1	0	0	0	0	0	0	0	0	0	0	0	0	1	0	1	0	0	0	0	0	0	0	1	0	0	0	0	0	0	0	0	0	0	1	0	1	0	1	0	0	0	0	0	0	0	0	0	0	0	0	1	0	0	0	0	0	0	0	0	0	0	0	0	0	0	1	1	0	0	0	0	0	0	1	1	0	0	0	0	0	1	1	0	0	1	0	0	0	0	0	0	0	0	0	0	0	0	0
chr19	3.5e+07	38999999	35.00	39.00	25	0	0	0	1	0	1	0	0	1	0	0	1	0	0	0	0	0	0	1	0	1	0	0	0	0	0	0	0	0	0	1	0	0	1	0	0	0	0	0	0	1	1	0	0	0	0	1	0	0	0	0	1	0	0	0	1	0	0	0	1	0	0	0	1	0	1	1	0	0	1	1	0	0	0	0	0	0	0	0	0	0	0	0	0	0	0	0	0	1	0	0	1	0	1	0	0	0	0	0	0	0	0	1	0	0	1	0	0	0	1	1	1	1	0	0	1	0	0	0	0
chr19	4e+07	43999999	40.00	44.00	25	0	1	0	1	1	0	0	1	0	1	0	0	1	0	1	0	0	0	1	0	0	1	0	0	1	0	0	0	0	0	0	0	0	0	0	0	0	0	0	0	0	0	1	0	0	0	0	0	1	1	0	0	0	0	0	0	0	1	0	0	1	0	0	1	0	0	0	0	0	0	0	0	0	0	0	0	0	1	0	0	0	0	0	0	0	0	0	0	0	0	0	0	0	0	0	0	0	0	0	0	1	0	0	0	0	1	0	0	0	0	0	0	0	0	0	0	1	0	0	0
chr19	4.5e+07	48999999	45.00	49.00	25	0	0	0	0	0	1	0	0	0	0	0	0	0	0	0	1	0	1	0	0	0	0	0	0	0	0	0	0	1	1	0	1	1	0	0	0	1	1	0	0	0	0	0	1	0	1	0	1	0	1	0	0	0	0	0	1	0	1	0	0	1	0	0	0	0	0	0	0	0	0	0	1	0	1	0	1	0	1	1	0	0	0	1	1	0	0	0	1	0	0	0	1	0	0	0	0	0	0	0	0	0	1	0	0	0	0	0	0	0	1	1	0	0	0	0	1	1	0	0	0
